{"count":1,"self":1629.0071552,"total":2325.3938199,"children":{"InitializeActuators":{"count":50,"self":0.0019998999999999998,"total":0.0019998999999999998,"children":null},"InitializeSensors":{"count":50,"self":0.0040019999999999995,"total":0.0040019999999999995,"children":null},"AgentSendState":{"count":108834,"self":59.3080704,"total":105.2273781,"children":{"CollectObservations":{"count":1088350,"self":2.4218965999999997,"total":2.4218965999999997,"children":null},"WriteActionMask":{"count":1088350,"self":1.3524753,"total":1.3524753,"children":null},"RequestDecision":{"count":1088350,"self":5.5976143999999994,"total":42.144935499999995,"children":{"AgentInfo.ToProto":{"count":1088350,"self":3.3981063999999996,"total":36.5473211,"children":{"GenerateSensorData":{"count":1088350,"self":25.545327999999998,"total":33.1492149,"children":{"RayPerceptionSensor.Perceive":{"count":1088350,"self":7.6038863999999995,"total":7.6038863,"children":null}}}}}}}}},"DecideAction":{"count":108834,"self":443.181312,"total":443.1813261,"children":null},"AgentAct":{"count":108834,"self":147.6163584,"total":147.9358267,"children":{"AgentInfo.ToProto":{"count":6026,"self":0.0437209,"total":0.3194664,"children":{"GenerateSensorData":{"count":6026,"self":0.2287214,"total":0.2757455,"children":{"RayPerceptionSensor.Perceive":{"count":6026,"self":0.0470241,"total":0.0470241,"children":null}}}}}}},"AgentInfo.ToProto":{"count":537,"self":0.0080019,"total":0.0361716,"children":{"GenerateSensorData":{"count":537,"self":0.024166299999999998,"total":0.0281697,"children":{"RayPerceptionSensor.Perceive":{"count":537,"self":0.0040034,"total":0.0040034,"children":null}}}}}},"gauges":{"WeightAgent_Training.CumulativeReward":{"count":6563,"max":5.05211639,"min":-2.88831329,"runningAverage":0.848474741,"value":1.0121001,"weightedAverage":1.04373682}},"metadata":{"timer_format_version":"0.1.0","start_time_seconds":"1733224663","unity_version":"2020.3.25f1","command_line_arguments":"C:\\Program Files\\Unity\\Hub\\Editor\\2020.3.25f1\\Editor\\Unity.exe -projectpath C:\\Unity\\CCP-main -useHub -hubIPC -cloudEnvironment production -licensingIpc LicenseClient-zxcv1 -hubSessionId 1e884f06-65e2-4902-9743-76ee923a59df -accessToken NI80NAPWm2vr7GXdA3fhgjpuaqxNZkpcoO-LB4CeAZk00df","communication_protocol_version":"1.5.0","com.unity.ml-agents_version":"2.0.0","scene_name":"Cross_Training","end_time_seconds":"1733226988"}}