{
    "name": "root",
    "gauges": {
        "WeightAgent_Training.Policy.Entropy.mean": {
            "value": 1.3683894872665405,
            "min": 1.3077186346054077,
            "max": 1.9279265403747559,
            "count": 175
        },
        "WeightAgent_Training.Policy.Entropy.sum": {
            "value": 14231.2509765625,
            "min": 11174.80078125,
            "max": 26607.953125,
            "count": 175
        },
        "WeightAgent_Training.GoalWeight.mean": {
            "value": 0.10000000149011612,
            "min": 0.09994315100603987,
            "max": 0.10000000149011612,
            "count": 175
        },
        "WeightAgent_Training.GoalWeight.sum": {
            "value": 15.20000022649765,
            "min": 9.600000143051147,
            "max": 175.80000261962414,
            "count": 175
        },
        "WeightAgent_Training.CollideWeight.mean": {
            "value": 0.5,
            "min": 0.49971574758385445,
            "max": 0.5,
            "count": 175
        },
        "WeightAgent_Training.CollideWeight.sum": {
            "value": 76.0,
            "min": 48.0,
            "max": 879.0,
            "count": 175
        },
        "WeightAgent_Training.GroupWeight.mean": {
            "value": 0.0,
            "min": 0.0,
            "max": 0.0,
            "count": 175
        },
        "WeightAgent_Training.GroupWeight.sum": {
            "value": 0.0,
            "min": 0.0,
            "max": 0.0,
            "count": 175
        },
        "WeightAgent_Training.InteractWeight.mean": {
            "value": 0.0,
            "min": 0.0,
            "max": 0.0,
            "count": 175
        },
        "WeightAgent_Training.InteractWeight.sum": {
            "value": 0.0,
            "min": 0.0,
            "max": 0.0,
            "count": 175
        },
        "WeightAgent_Training.Step.mean": {
            "value": 1749961.0,
            "min": 9961.0,
            "max": 1749961.0,
            "count": 175
        },
        "WeightAgent_Training.Step.sum": {
            "value": 1749961.0,
            "min": 9961.0,
            "max": 1749961.0,
            "count": 175
        },
        "WeightAgent_Training.Policy.ExtrinsicValueEstimate.mean": {
            "value": 0.08366647362709045,
            "min": 0.03672457113862038,
            "max": 2.049121379852295,
            "count": 175
        },
        "WeightAgent_Training.Policy.ExtrinsicValueEstimate.sum": {
            "value": 13.219303131103516,
            "min": 5.8024821281433105,
            "max": 323.76116943359375,
            "count": 175
        },
        "WeightAgent_Training.Environment.EpisodeLength.mean": {
            "value": 540.8,
            "min": 43.0,
            "max": 2300.0,
            "count": 160
        },
        "WeightAgent_Training.Environment.EpisodeLength.sum": {
            "value": 2704.0,
            "min": 43.0,
            "max": 29090.0,
            "count": 160
        },
        "WeightAgent_Training.Environment.CumulativeReward.mean": {
            "value": 1.5905149960890412,
            "min": -6.42780003324151,
            "max": 3.5653202030807734,
            "count": 160
        },
        "WeightAgent_Training.Environment.CumulativeReward.sum": {
            "value": 6.362059984356165,
            "min": -49.70656054047868,
            "max": 25.811620000051335,
            "count": 160
        },
        "WeightAgent_Training.Policy.ExtrinsicReward.mean": {
            "value": 1.5905149960890412,
            "min": -6.42780003324151,
            "max": 3.5653202030807734,
            "count": 160
        },
        "WeightAgent_Training.Policy.ExtrinsicReward.sum": {
            "value": 6.362059984356165,
            "min": -49.70656054047868,
            "max": 25.811620000051335,
            "count": 160
        },
        "WeightAgent_Training.IsTraining.mean": {
            "value": 1.0,
            "min": 1.0,
            "max": 1.0,
            "count": 175
        },
        "WeightAgent_Training.IsTraining.sum": {
            "value": 1.0,
            "min": 1.0,
            "max": 1.0,
            "count": 175
        },
        "WeightAgent_Training.Losses.PolicyLoss.mean": {
            "value": 0.01574385173153132,
            "min": 0.013724637023794154,
            "max": 0.024002194094161194,
            "count": 84
        },
        "WeightAgent_Training.Losses.PolicyLoss.sum": {
            "value": 0.01574385173153132,
            "min": 0.013724637023794154,
            "max": 0.024002194094161194,
            "count": 84
        },
        "WeightAgent_Training.Losses.ValueLoss.mean": {
            "value": 0.010104844439774751,
            "min": 0.0040415510768070815,
            "max": 0.5736814419428508,
            "count": 84
        },
        "WeightAgent_Training.Losses.ValueLoss.sum": {
            "value": 0.010104844439774751,
            "min": 0.0040415510768070815,
            "max": 0.5736814419428508,
            "count": 84
        },
        "WeightAgent_Training.Policy.LearningRate.mean": {
            "value": 0.0002991253717915428,
            "min": 0.0002991253717915428,
            "max": 0.00029998964950345006,
            "count": 84
        },
        "WeightAgent_Training.Policy.LearningRate.sum": {
            "value": 0.0002991253717915428,
            "min": 0.0002991253717915428,
            "max": 0.00029998964950345006,
            "count": 84
        },
        "WeightAgent_Training.Policy.Epsilon.mean": {
            "value": 0.19970845716666663,
            "min": 0.19970845716666663,
            "max": 0.1999965498333333,
            "count": 84
        },
        "WeightAgent_Training.Policy.Epsilon.sum": {
            "value": 0.19970845716666663,
            "min": 0.19970845716666663,
            "max": 0.1999965498333333,
            "count": 84
        },
        "WeightAgent_Training.Policy.Beta.mean": {
            "value": 0.004985452012616667,
            "min": 0.004985452012616667,
            "max": 0.0049998278366833356,
            "count": 84
        },
        "WeightAgent_Training.Policy.Beta.sum": {
            "value": 0.004985452012616667,
            "min": 0.004985452012616667,
            "max": 0.0049998278366833356,
            "count": 84
        }
    },
    "metadata": {
        "timer_format_version": "0.1.0",
        "start_time_seconds": "1733228704",
        "python_version": "3.8.10 (default, May 19 2021, 13:12:57) [MSC v.1916 64 bit (AMD64)]",
        "command_line_arguments": "C:\\Users\\zxcv1\\anaconda3\\envs\\ccp\\Scripts\\mlagents-learn config/WeightAgent_Training.yaml --run-id=test004",
        "mlagents_version": "0.27.0",
        "mlagents_envs_version": "0.27.0",
        "communication_protocol_version": "1.5.0",
        "pytorch_version": "1.10.0+cpu",
        "numpy_version": "1.21.2",
        "end_time_seconds": "1733231118"
    },
    "total": 2414.0816353,
    "count": 1,
    "self": 0.005246700000043347,
    "children": {
        "run_training.setup": {
            "total": 0.09799779999999991,
            "count": 1,
            "self": 0.09799779999999991
        },
        "TrainerController.start_learning": {
            "total": 2413.9783908,
            "count": 1,
            "self": 0.13653610000892513,
            "children": {
                "TrainerController._reset_env": {
                    "total": 4.0312831000000005,
                    "count": 1,
                    "self": 4.0312831000000005
                },
                "TrainerController.advance": {
                    "total": 2409.7567795999908,
                    "count": 6040,
                    "self": 0.13773829997535358,
                    "children": {
                        "env_step": {
                            "total": 2019.8697988000033,
                            "count": 6040,
                            "self": 2011.1703482999876,