{
    "name": "root",
    "gauges": {
        "WeightAgent_Training.Policy.Entropy.mean": {
            "value": 1.0439558029174805,
            "min": 0.7256737947463989,
            "max": 1.1656668186187744,
            "count": 26
        },
        "WeightAgent_Training.Policy.Entropy.sum": {
            "value": 10752.7451171875,
            "min": 7247.904296875,
            "max": 11727.9091796875,
            "count": 26
        },
        "WeightAgent_Training.GoalWeight.mean": {
            "value": 0.5263434052467346,
            "min": 0.22798077762126923,
            "max": 0.5263434052467346,
            "count": 26
        },
        "WeightAgent_Training.GoalWeight.sum": {
            "value": 650.560448884964,
            "min": 175.31721799075603,
            "max": 685.2991136312485,
            "count": 26
        },
        "WeightAgent_Training.CollideWeight.mean": {
            "value": 3.1245198249816895,
            "min": 2.2031211853027344,
            "max": 3.1245198249816895,
            "count": 26
        },
        "WeightAgent_Training.CollideWeight.sum": {
            "value": 3861.906503677368,
            "min": 1694.2001914978027,
            "max": 4068.1248121261597,
            "count": 26
        },
        "WeightAgent_Training.GroupWeight.mean": {
            "value": -1.7191118001937866,
            "min": -1.7191118001937866,
            "max": 0.38695383071899414,
            "count": 26
        },
        "WeightAgent_Training.GroupWeight.sum": {
            "value": -2124.8221850395203,
            "min": -2238.28356385231,
            "max": 525.870255947113,
            "count": 26
        },
        "WeightAgent_Training.InteractWeight.mean": {
            "value": 4.087784767150879,
            "min": -2.932400703430176,
            "max": 4.087784767150879,
            "count": 26
        },
        "WeightAgent_Training.InteractWeight.sum": {
            "value": 5052.501972198486,
            "min": -3985.132555961609,
            "max": 5322.295766830444,
            "count": 26
        },
        "WeightAgent_Training.AvoidanceWeight.mean": {
            "value": 2.576624870300293,
            "min": 0.11956167221069336,
            "max": 2.576624870300293,
            "count": 26
        },
        "WeightAgent_Training.AvoidanceWeight.sum": {
            "value": 3184.708339691162,
            "min": 91.9429259300232,
            "max": 3354.7655811309814,
            "count": 26
        },
        "WeightAgent_Training.Step.mean": {
            "value": 27499999.0,
            "min": 27249963.0,
            "max": 27499999.0,
            "count": 26
        },
        "WeightAgent_Training.Step.sum": {
            "value": 27499999.0,
            "min": 27249963.0,
            "max": 27499999.0,
            "count": 26
        },
        "WeightAgent_Training.Policy.ExtrinsicValueEstimate.mean": {
            "value": 82.24382019042969,
            "min": 19.281953811645508,
            "max": 102.69893646240234,
            "count": 26
        },
        "WeightAgent_Training.Policy.ExtrinsicValueEstimate.sum": {
            "value": 13076.767578125,
            "min": 1696.81201171875,
            "max": 16123.7333984375,
            "count": 26
        },
        "WeightAgent_Training.Environment.EpisodeLength.mean": {
            "value": 753.0,
            "min": 126.0,
            "max": 2999.0,
            "count": 22
        },
        "WeightAgent_Training.Environment.EpisodeLength.sum": {
            "value": 5271.0,
            "min": 126.0,
            "max": 92969.0,
            "count": 22
        },
        "WeightAgent_Training.Environment.CumulativeReward.mean": {
            "value": -27.971226484514773,
            "min": -51.39506861194968,
            "max": 2854.3078401498497,
            "count": 22
        },
        "WeightAgent_Training.Environment.CumulativeReward.sum": {
            "value": -195.7985853916034,
            "min": -195.7985853916034,
            "max": 85345.795741876,
            "count": 22
        },
        "WeightAgent_Training.Policy.ExtrinsicReward.mean": {
            "value": -27.971226484514773,
            "min": -51.39506861194968,
            "max": 2854.3078401498497,
            "count": 22
        },
        "WeightAgent_Training.Policy.ExtrinsicReward.sum": {
            "value": -195.7985853916034,
            "min": -195.7985853916034,
            "max": 85345.795741876,
            "count": 22
        },
        "WeightAgent_Training.IsTraining.mean": {
            "value": 1.0,
            "min": 1.0,
            "max": 1.0,
            "count": 26
        },
        "WeightAgent_Training.IsTraining.sum": {
            "value": 1.0,
            "min": 1.0,
            "max": 1.0,
            "count": 26
        },
        "WeightAgent_Training.Losses.PolicyLoss.mean": {
            "value": 0.013771284030129512,
            "min": 0.013771284030129512,
            "max": 0.02056524312744538,
            "count": 11
        },
        "WeightAgent_Training.Losses.PolicyLoss.sum": {
            "value": 0.013771284030129512,
            "min": 0.013771284030129512,
            "max": 0.02056524312744538,
            "count": 11
        },
        "WeightAgent_Training.Losses.ValueLoss.mean": {
            "value": 26.292496299743654,
            "min": 13.128776057561238,
            "max": 114.33896230061849,
            "count": 11
        },
        "WeightAgent_Training.Losses.ValueLoss.sum": {
            "value": 26.292496299743654,
            "min": 13.128776057561238,
            "max": 114.33896230061849,
            "count": 11
        },
        "WeightAgent_Training.Policy.LearningRate.mean": {
            "value": 0.00028625779208073753,
            "min": 0.00028625779208073753,
            "max": 0.00028636680854439856,
            "count": 11
        },
        "WeightAgent_Training.Policy.LearningRate.sum": {
            "value": 0.00028625779208073753,
            "min": 0.00028625779208073753,
            "max": 0.00028636680854439856,
            "count": 11
        },
        "WeightAgent_Training.Policy.Epsilon.mean": {
            "value": 0.1954192625,
            "min": 0.1954192625,
            "max": 0.19545560133333334,
            "count": 11
        },
        "WeightAgent_Training.Policy.Epsilon.sum": {
            "value": 0.1954192625,
            "min": 0.1954192625,
            "max": 0.19545560133333334,
            "count": 11
        },
        "WeightAgent_Training.Policy.Beta.mean": {
            "value": 0.004771421198750001,
            "min": 0.004771421198750001,
            "max": 0.004773234506533332,
            "count": 11
        },
        "WeightAgent_Training.Policy.Beta.sum": {
            "value": 0.004771421198750001,
            "min": 0.004771421198750001,
            "max": 0.004773234506533332,
            "count": 11
        }
    },
    "metadata": {
        "timer_format_version": "0.1.0",
        "start_time_seconds": "1734961805",
        "python_version": "3.8.20 (default, Oct  3 2024, 15:19:54) [MSC v.1929 64 bit (AMD64)]",
        "command_line_arguments": "C:\\Users\\boranaga\\anaconda3\\envs\\venv\\Scripts\\mlagents-learn config/WeightAgent_Training.yaml --run-id=WeightAgent_Training --resume",
        "mlagents_version": "0.27.0",
        "mlagents_envs_version": "0.27.0",
        "communication_protocol_version": "1.5.0",
        "pytorch_version": "1.10.0+cpu",
        "numpy_version": "1.21.2",
        "end_time_seconds": "1734962122"
    },
    "total": 317.79410409999997,
    "count": 1,
    "self": 0.0036132999999267668,
    "children": {
        "run_training.setup": {
            "total": 0.06924569999999997,
            "count": 1,
            "self": 0.06924569999999997
        },
        "TrainerController.start_learning": {
            "total": 317.72124510000003,
            "count": 1,
            "self": 0.0975478000007115,